{
  "version": "2.0",
  "random_seed": 42,
  "tuning_fraction": 0.4,
  "enabled_direct_classes": {
    "class1": true,
    "class2": false,
    "class3": true,
    "class4": true
  },
  "direct_thresholds": {
    "class4_document_score_max": 0.21499999999999997,
    "class2_crop_score_min": 1.01,
    "class3_quality_score_max": 0.085,
    "class1_document_score_min": 0.9325955621413748,
    "class1_crop_score_max": 0.015896455175481546,
    "class1_quality_score_min": 0.21263632205179134
  },
  "fallback_suspicion_thresholds": {
    "crop_score_min": 0.10999999999999997,
    "quality_score_max": 0.32999999999999996
  },
  "precision_requirements": {
    "class4_direct": 1.0,
    "class2_direct": 0.8,
    "class3_direct": 0.8,
    "class1_direct": 0.9
  },
  "recall_targets": {
    "class2_fallback_capture": 0.9,
    "class3_fallback_capture": 0.8
  },
  "scaler": {
    "white_pixel_ratio": {
      "lower": 0.0,
      "upper": 0.9340091431489218
    },
    "dark_pixel_ratio": {
      "lower": 0.0,
      "upper": 0.24372052926351873
    },
    "mean_saturation": {
      "lower": 0.0,
      "upper": 0.44983718549828966
    },
    "otsu_separation": {
      "lower": 0.5479689879939285,
      "upper": 0.9095732809139517
    },
    "border_edge_density": {
      "lower": 0.0,
      "upper": 0.1498895249867383
    },
    "border_dark_ratio": {
      "lower": 0.0,
      "upper": 0.4636477219463553
    },
    "laplacian_variance": {
      "lower": 2.9396956960633576,
      "upper": 7804.145642801246
    },
    "local_laplacian_p25": {
      "lower": 1.2686181743801568,
      "upper": 4381.862938646223
    },
    "tenengrad_mean": {
      "lower": 650.1490468926786,
      "upper": 78148.23573659266
    },
    "grayscale_std": {
      "lower": 12.806264756846481,
      "upper": 82.04173878230662
    },
    "mser_density": {
      "lower": 16.2820646325801,
      "upper": 660.87160262418
    }
  },
  "heldout_summary": {
    "split": "evaluation",
    "direct_coverage": 0.152,
    "fallback_rate": 0.848,
    "class4_direct_precision": 0.7142857142857143,
    "class4_direct_recall": 0.22727272727272727,
    "class2_capture_recall": 0.8157894736842105,
    "class2_capture_precision": 0.39490445859872614,
    "class3_capture_recall": 0.7763157894736842,
    "class3_capture_precision": 0.3105263157894737
  }
}